"Title","Date","URL","Status","Playlists"
"Stephan Delbos - Activating Product Knowledge: Where Global Education Meets Documentation","2025-11-06","https://www.youtube.com/watch?v=gTwKhcKxvRA","Not started","Write the Docs Berlin 2025"
"Write the Docs Berlin 2025 - Lightning Talks Day 1","2025-11-06","https://www.youtube.com/watch?v=lgBbeUFoSic","Not started","Write the Docs Berlin 2025"
"Fabrizio Ferri-Benedetti - Failing Well: A Practical Guide to Growth for Technical Writers","2025-11-06","https://www.youtube.com/watch?v=tbZXQLKyh78","Not started","Write the Docs Berlin 2025"
"Tiffany Hrabusa - A beautiful arrangement: Gaining experience & giving back through open source docs","2025-11-06","https://www.youtube.com/watch?v=SqryGnlzTDs","Not started","Write the Docs Berlin 2025"
"Ian Cowley - If you build it, they will come: Our journey to unified (and discoverable) docs","2025-11-06","https://www.youtube.com/watch?v=Vv4zwy8V_3o","Not started","Write the Docs Berlin 2025"
"Kat Stoica Ostenfeld - So you've become a Docs Lead. Now what?","2025-11-06","https://www.youtube.com/watch?v=WOB6ZHA8zMo","Not started","Write the Docs Berlin 2025"
"Ruth Fuchss - The right tool for the job","2025-11-06","https://www.youtube.com/watch?v=X1gvtMsA2Dc","Not started","Write the Docs Berlin 2025"
"Jennifer Rondeau - What's past is prologue: Write the Docs, communities, and organizing techcomm","2025-11-06","https://www.youtube.com/watch?v=ZYUcXwASu_I","Not started","Write the Docs Berlin 2025"
"Powen Shiah - Documenting Digital Infrastructure: Explaining Complex Open Source Tech for Everyone","2025-11-06","https://www.youtube.com/watch?v=aq_Jr6UtP2Q","Not started","Write the Docs Berlin 2025"
"Maximilian Rosin - “Gyarados has pretty teeth, dear”: Theatre, Pokémon, and software docs","2025-11-06","https://www.youtube.com/watch?v=gCXEs2flOr8","Not started","Write the Docs Berlin 2025"
"Dimple Poojary - Automating Documentation Maintenance Workflow Process for Agile Teams","2025-11-06","https://www.youtube.com/watch?v=156egDk_u38","Not started","Write the Docs Berlin 2025"
"Michiel Mulders - Dev Experience in Technical Writing: 15 Tips to Boost Developer Satisfaction","2025-11-06","https://www.youtube.com/watch?v=54neDVXwTK8","Not started","Write the Docs Berlin 2025"
"Val Grimm - Sovereign docs","2025-11-06","https://www.youtube.com/watch?v=H7JK-dEQx-Q","Not started","Write the Docs Berlin 2025"
"Write the Docs Berlin 2025 - Lightning Talks Day 2","2025-11-06","https://www.youtube.com/watch?v=H9UsRyvuONA","Not started","Write the Docs Berlin 2025"
"Diana Breza - Rethinking your how-tos: From instructions to solving user problems","2025-11-06","https://www.youtube.com/watch?v=STef5O0nd2o","Not started","Write the Docs Berlin 2025"
"Ravind Kumar - Embracing the Kraken : How to build a docs-toolchain monster and why it’s OK","2025-05-12","https://www.youtube.com/watch?v=etEZhIjoumc","Not started","Write the Docs Portland 2025"
"Heather Zoppetti - Knitting Together a Technical Writing Career","2025-05-12","https://www.youtube.com/watch?v=fVuCefv-J0I","Not started","Write the Docs Portland 2025"
"Write the Docs Portland 2025 - Lightning Talks Day 1","2025-05-12","https://www.youtube.com/watch?v=gWLHKnbdkBA","Not started","Write the Docs Portland 2025"
"Holly Mickelson - Regulate This! Writing for the Medical Device Industry","2025-05-12","https://www.youtube.com/watch?v=oUITHeYpS0A","Not started","Write the Docs Portland 2025"
"Write the Docs Portland 2025 - Lightning Talks Day 2","2025-05-12","https://www.youtube.com/watch?v=r-wQUczl7qg","Not started","Write the Docs Portland 2025"
"Stephanie Fuller - Writing the Shipwreck","2025-05-12","https://www.youtube.com/watch?v=rQI0w57iK-4","Not started","Write the Docs Portland 2025"
"Elise Davis - Scaling a unicorn: how to mature your docs program and support a changing business","2025-05-12","https://www.youtube.com/watch?v=tIj1vUX_eSM","Not started","Write the Docs Portland 2025"
"Jodie Landes - Unifying Documentation: A Tale of Two Security Giants","2025-05-12","https://www.youtube.com/watch?v=PcyVsZC30Ig","Not started","Write the Docs Portland 2025"
"Janine Chan - Seven habits of increasingly technical technical writers","2025-05-12","https://www.youtube.com/watch?v=SkpXpvTk6iU","Not started","Write the Docs Portland 2025"
"Leah Catania - Using Competitive Analysis to Your Advantage","2025-05-12","https://www.youtube.com/watch?v=013FDRGOYoU","Not started","Write the Docs Portland 2025"
"Manny Silva - Docs as Tests: A Strategy for Resilient Docs","2025-05-12","https://www.youtube.com/watch?v=3Q1WtyhO_sQ","Not started","Write the Docs Portland 2025"
"Yanjie Niu - The Power of Two: How Support and Docs Teams Transform Technical Content Quality","2025-05-12","https://www.youtube.com/watch?v=4K6Bz9LM6Uc","Not started","Write the Docs Portland 2025"
"Alex Garnett - Docs AI Tooling is Better (and Better for Us) than You Think","2025-05-12","https://www.youtube.com/watch?v=6p6LttjaSNM","Not started","Write the Docs Portland 2025"
"Colin Loretz - Open Docs, Open Collaboration: Building Better Documentation with Community PRs","2025-05-12","https://www.youtube.com/watch?v=MFlGwC7DZqc","Not started","Write the Docs Portland 2025"
"Rachel Rigdon - Quest for the Holy Grail: Turning User Feedback into Meaningful Change","2025-05-12","https://www.youtube.com/watch?v=-1n2DEkN6Mk","Not started","Write the Docs Portland 2025"
"LT Dennis Dawson","2024-10-03","https://www.youtube.com/watch?v=puCMZvdl3vw","Not started","Write the Docs Atlantic 2024"
"5 Susan Armstrong - What Is a Template and How Can I Create One","2024-10-03","https://www.youtube.com/watch?v=q_oMvFKqym4","Not started","Write the Docs Atlantic 2024"
"LT James Baross","2024-10-03","https://www.youtube.com/watch?v=t1IoTfVNhrI","Not started","Write the Docs Atlantic 2024"
"LT Ariel Kaiser","2024-10-03","https://www.youtube.com/watch?v=JXLV74gurrk","Not started","Write the Docs Atlantic 2024"
"6 Diana Breza and Lena Larionova - Unblocking your organization with diagrams-as-code","2024-10-03","https://www.youtube.com/watch?v=PUwg-rWeeCg","Not started","Write the Docs Atlantic 2024"
"2 Lorna Mitchell - DevOps Your Docs","2024-10-03","https://www.youtube.com/watch?v=Puzl0WKsFSA","Not started","Write the Docs Atlantic 2024"
"LT Maggie H","2024-10-03","https://www.youtube.com/watch?v=Re_SXklw9PI","Not started","Write the Docs Atlantic 2024"
"3 Manny Silva - RAGs to Riches: How Our Content Affects Retrieval Augmented Generation","2024-10-03","https://www.youtube.com/watch?v=THarEiHinmc","Not started","Write the Docs Atlantic 2024"
"LT Erin White","2024-10-03","https://www.youtube.com/watch?v=UCe1nmdWpNQ","Not started","Write the Docs Atlantic 2024"
"7 Sarah Sanders - GraphQL Docs: Beyond the Schema","2024-10-03","https://www.youtube.com/watch?v=V6fs9yQuUN4","Not started","Write the Docs Atlantic 2024"
"13 Conference closing","2024-10-03","https://www.youtube.com/watch?v=_BjYdkX3rm0","Not started","Write the Docs Atlantic 2024"
"4 Eric Zrinsky - Clicks Without Limits: Content Design for Everyone, Everywhere","2024-10-03","https://www.youtube.com/watch?v=af1zgx1RXHs","Not started","Write the Docs Atlantic 2024"
"9 Gideon Behrensmeyer - How and Why Technical Writers should Lead Onboarding","2024-10-03","https://www.youtube.com/watch?v=bw9dAtSu4u0","Not started","Write the Docs Atlantic 2024"
"LT Cynthia Harvey","2024-10-03","https://www.youtube.com/watch?v=2QMw3W0rpcA","Not started","Write the Docs Atlantic 2024"
"LT Erich Studer","2024-10-03","https://www.youtube.com/watch?v=8CpAJf-PKn4","Not started","Write the Docs Atlantic 2024"
"12 Chloe Guttmann - From morphemes to manuscripts: how linguistics can make you a better writer","2024-10-03","https://www.youtube.com/watch?v=94Ztf5u7FPs","Not started","Write the Docs Atlantic 2024"
"LT Arnold","2024-10-03","https://www.youtube.com/watch?v=CrfFKqNEfhQ","Not started","Write the Docs Atlantic 2024"
"LT Abi Sutherland","2024-10-03","https://www.youtube.com/watch?v=DewfY-ult8M","Not started","Write the Docs Atlantic 2024"
"8 Ali Dowair - What's in a Word? Lessons from Localizing Kubernetes Documentation to Arabic","2024-10-03","https://www.youtube.com/watch?v=HY3LZOQqdig","Not started","Write the Docs Atlantic 2024"
"10 Gayathri Krishnaswamy and Annette Williams - Navigating the Maze","2024-10-03","https://www.youtube.com/watch?v=I1dFdets0GY","Not started","Write the Docs Atlantic 2024"
"11 Kruno Golubić - Welcome to the World of Technical Writing: A Guide for Newcomers","2024-10-03","https://www.youtube.com/watch?v=IEKGdBI_nhg","Not started","Write the Docs Atlantic 2024"
"LT Kenzie Woodbridge","2024-10-03","https://www.youtube.com/watch?v=IQ7toJOPSE0","Not started","Write the Docs Atlantic 2024"
"1 Conference opening","2024-10-03","https://www.youtube.com/watch?v=FzsMwl15z0E","Not started","Write the Docs Atlantic 2024"
"Nellie McKesson - Make It Make Semantic Sense: Semantic Strategies for All of Us","2024-04-23","https://www.youtube.com/watch?v=vQINsqqVmfQ","Not started","Write the Docs Portland 2024"
"Lightning Talks - Day 1","2024-04-23","https://www.youtube.com/watch?v=aAZcuK8W714","Not started","Write the Docs Portland 2024"
"Robert Delwood - The Four Stages of OpenAPI","2024-04-23","https://www.youtube.com/watch?v=6v5mHxgZGvk","Not started","Write the Docs Portland 2024"
"Shawn Aldridge - Design Reviews, capturing context at speed","2024-04-23","https://www.youtube.com/watch?v=7YWmjFEpEWE","Not started","Write the Docs Portland 2024"
"Lightning Talks - Day 2","2024-04-23","https://www.youtube.com/watch?v=CDIKljQtuT0","Not started","Write the Docs Portland 2024"
"Alistair Gray - Sociological considerations in designing an internal documentation platform","2024-04-23","https://www.youtube.com/watch?v=DxbXKLl-URo","Not started","Write the Docs Portland 2024"
"Sofiya Minnath - A Strategic Documentation Template for Startups","2024-04-23","https://www.youtube.com/watch?v=G16QwwJY4Vs","Not started","Write the Docs Portland 2024"
"Taylor Krusen - Code in Content: Using Dynamic, Interactive Elements in your Technical Writing","2024-04-23","https://www.youtube.com/watch?v=jsv8eYNRCKw","Not started","Write the Docs Portland 2024"
"Calvin Fung - Beyond Words: Strategies for Leveling Up Your Tech Writing Career","2024-04-23","https://www.youtube.com/watch?v=n6rBa0eXlE8","Not started","Write the Docs Portland 2024"
"Steven Hicks - Misadventures in SEO: How to self-sabotage your documentation","2024-04-23","https://www.youtube.com/watch?v=pQJBFn4tomA","Not started","Write the Docs Portland 2024"
"Candy Morton - Case study: How we delivered a seamless in-product help experience","2024-04-23","https://www.youtube.com/watch?v=QOs2aUYqQOM","Not started","Write the Docs Portland 2024"
"Dennis Dawson - Graphic Relief: Beyond Flowcharts and Screenshots","2024-04-23","https://www.youtube.com/watch?v=Ss43qc7hdW8","Not started","Write the Docs Portland 2024"
"Mario Morales - Applying Engineering Principles to Technical Writing","2024-04-23","https://www.youtube.com/watch?v=cOg9C_-CNOc","Not started","Write the Docs Portland 2024"
"Tom Edmonds - ""The vibes were off"": Adapting Agile story points estimation to technical writing","2024-04-23","https://www.youtube.com/watch?v=6MvwJ1u01nE","Not started","Write the Docs Portland 2024"
"Michelle Irvine - Quantifying the Impact of Documentation: Findings from DORA Research","2024-04-23","https://www.youtube.com/watch?v=90gaMmYseFY","Not started","Write the Docs Portland 2024"
"Write The Docs  - Portland 2024 Day 2","2024-04-16","https://www.youtube.com/watch?v=2s4xkCbyz-U","Not started",""
"Write The Docs - Portland 2024 Day 1","2024-04-16","https://www.youtube.com/watch?v=DBrKx8PbsRg","Not started",""
"[Lightning Talk] Susan Armstrong - Writing a Best Practices Guide","2023-09-20","https://www.youtube.com/watch?v=uIygfUrsmNY","Not started","Write the Docs Atlantic 2023"
"Ian Cowley - One glossary to rule them all: terminology management at scale","2023-09-20","https://www.youtube.com/watch?v=3YPisLxVy2I","Not started","Write the Docs Atlantic 2023"
"Chris Noonan and John Hannagan - Metric driven documentation","2023-09-20","https://www.youtube.com/watch?v=BRZqQ6AjPc0","Not started","Write the Docs Atlantic 2023"
"Write the Docs Team - Write the Docs Atlantic 2023 conference closing","2023-09-20","https://www.youtube.com/watch?v=IeeV8Zc5D2A","Not started","Write the Docs Atlantic 2023"
"Kristine Sihto - Papercuts: Stop the Bleed","2023-09-20","https://www.youtube.com/watch?v=QfQVuLDYhq0","Not started","Write the Docs Atlantic 2023"
"Chris Meyns - AI ethics for tech writers","2023-09-20","https://www.youtube.com/watch?v=SDzP6Xs9WoQ","Not started","Write the Docs Atlantic 2023"
"Alexander Schwartz and Fabrice Flore-Thebault - Creating a content pipeline for Eclipse Che","2023-09-20","https://www.youtube.com/watch?v=XQpRqIUghQ0","Not started","Write the Docs Atlantic 2023"
"Matt Dodson - Graphs, not trees: A ground-up approach to fixing a docs site.","2023-09-20","https://www.youtube.com/watch?v=m5OxGst2sks","Not started","Write the Docs Atlantic 2023"
"Lorna Mitchell - OpenAPI for Documentarians","2023-09-20","https://www.youtube.com/watch?v=0uEmEWj5hs0","Not started","Write the Docs Atlantic 2023"
"Fabrizio Ferri-Benedetti - Once Upon a Time There Were... Docs","2023-09-20","https://www.youtube.com/watch?v=2C4XJe7OPT0","Not started","Write the Docs Atlantic 2023"
"[Lightning Talk] Joe Gelb - Is Single Sourcing Dead?","2023-09-20","https://www.youtube.com/watch?v=3qi7nFY1RXo","Not started","Write the Docs Atlantic 2023"
"Adam Trujillo and Jeffrey Boruszak - Bootstrap IA Development with In-house Usability Testing","2023-09-20","https://www.youtube.com/watch?v=54-rhCmh_GQ","Not started","Write the Docs Atlantic 2023"
"Write the Docs Team - Write the Docs Atlantic 2023 conference introduction","2023-09-20","https://www.youtube.com/watch?v=96V202-7Ovk","Not started","Write the Docs Atlantic 2023"
"Katie Riker - Working with User Experience to Maximize User Success","2023-09-20","https://www.youtube.com/watch?v=KPVp5Rc3C5Q","Not started","Write the Docs Atlantic 2023"
"[Lightning Talk] Jeanine Abuahmad - Returning after Maternity Leave","2023-09-20","https://www.youtube.com/watch?v=OtmR_L3w8GI","Not started","Write the Docs Atlantic 2023"
"[Lightning Talk] Dennis Dawson - Liven Up Your Videos with Doodly","2023-09-20","https://www.youtube.com/watch?v=T7RUonmp8C4","Not started","Write the Docs Atlantic 2023"
"[Lightning Talk] Ryan Macklin - ""Putting the instructions on the box""","2023-09-20","https://www.youtube.com/watch?v=ZArqF1GnvzQ","Not started","Write the Docs Atlantic 2023"
"Josh Peacock and Dennis Mortensen - The power of product screenshots in your help documentation","2023-09-20","https://www.youtube.com/watch?v=eoJh5cu91pw","Not started","Write the Docs Atlantic 2023"
"[Lightning Talk] Marybeth Alexander - 25-hour Workweek","2023-09-20","https://www.youtube.com/watch?v=kfdcgF7UyGE","Not started","Write the Docs Atlantic 2023"
"[Lightning Talk] Chryssy Joski - The Power of Pink: Women in Technology","2023-09-20","https://www.youtube.com/watch?v=q34BaQg_F0Y","Not started","Write the Docs Atlantic 2023"
"Stephan Delbos - Drop the Docs, Get Back to What’s Important!","2023-09-20","https://www.youtube.com/watch?v=tKnNAOiPx6U","Not started","Write the Docs Atlantic 2023"
"[Lightning Talk] Kenzie Woodbridge - Valuing You (Accurately and Completely)","2023-09-20","https://www.youtube.com/watch?v=tVjgewoZdAc","Not started","Write the Docs Atlantic 2023"
"Write the Docs Virtual Conference Guide (2023 Edition)","2023-09-05","https://www.youtube.com/watch?v=n8YXhL26YkE","Not started",""
"Lightning Talk: Laura Vass - Aikido Communications","2023-05-30","https://www.youtube.com/watch?v=bEdQopDrOoU","Not started","Write the Docs Portland 2023"
"Write the Docs team - Conference closing","2023-05-17","https://www.youtube.com/watch?v=i8oNffWG3ZI","Not started","Write the Docs Portland 2023"
"Ryan Young - Is it (layer) cake: Thinking in content levels","2023-05-17","https://www.youtube.com/watch?v=0OKRNQvZbL4","Not started","Write the Docs Portland 2023"
"Lightning Talk: Jewel Darger-Sacher - Why :pray: emoji ain't :high-five:","2023-05-17","https://www.youtube.com/watch?v=7lh-MYZMBJI","Not started","Write the Docs Portland 2023"
"Ashleigh Rentz - Trauma-Informed Documentation: Taking empathy & inclusive language to the next leve","2023-05-17","https://www.youtube.com/watch?v=89PTxN85FVU","Not started","Write the Docs Portland 2023"
"Lightning Talk: Dennis Dawson - Sketchnoting: Engaging both brains","2023-05-17","https://www.youtube.com/watch?v=Bv6VlPBLPco","Not started","Write the Docs Portland 2023"
"Write the Docs team - Conference introduction","2023-05-17","https://www.youtube.com/watch?v=EZJ0mk9Jj3s","Not started","Write the Docs Portland 2023"
"Daniel Murphey - Release-ready Docs: How a 2-person team keeps a help center consistently accurate","2023-05-17","https://www.youtube.com/watch?v=E_lKcCnK9I8","Not started","Write the Docs Portland 2023"
"Lightning Talk: Joe Meerson - Because Data","2023-05-17","https://www.youtube.com/watch?v=Pfc61vJpWes","Not started","Write the Docs Portland 2023"
"Lightning Talk: Heidi Waterhouse - No pitch hot","2023-05-17","https://www.youtube.com/watch?v=TNVuj1GmzBM","Not started","Write the Docs Portland 2023"
"Dan Grabski - Zen And The Art Of Automanually Creating API Documentation - An Inquiry Into Process","2023-05-17","https://www.youtube.com/watch?v=UHVAKNdvihE","Not started","Write the Docs Portland 2023"
"Lightning talk: John Mogilewsky - The applicability trap","2023-05-17","https://www.youtube.com/watch?v=gAPCkvNPyz8","Not started","Write the Docs Portland 2023"
"Kari Halsted - GREAT BIG ENGINEERING ORG; itty bitty docs team","2023-05-17","https://www.youtube.com/watch?v=gdsmHokNdIs","Not started","Write the Docs Portland 2023"
"Linda Ikechukwu - Myths, Mistakes, and Missed Opportunities","2023-05-17","https://www.youtube.com/watch?v=h3Rl1cKarVA","Not started","Write the Docs Portland 2023"
"Lightning talk: Julia Atash - CARs - Stretches for Writers","2023-05-17","https://www.youtube.com/watch?v=jOT-yzUNksQ","Not started","Write the Docs Portland 2023"
"Scott Truelove - Navigating the Future of Technical Writing in a Rapidly Evolving Tech Landscape","2023-05-17","https://www.youtube.com/watch?v=jcKCN9VhuPU","Not started","Write the Docs Portland 2023"
"Sarah Greene - Did You Read the SOP? Procedure Writing for the Laboratory","2023-05-17","https://www.youtube.com/watch?v=m23cLwiJyPU","Not started","Write the Docs Portland 2023"
"Caitlin Davey - The visuals your users never saw…wait that’s most of them","2023-05-17","https://www.youtube.com/watch?v=wKpnN075bfo","Not started","Write the Docs Portland 2023"
"Lightning Talk: Krista Burdine - Bridge building","2023-05-17","https://www.youtube.com/watch?v=xy6bsPG4PLg","Not started","Write the Docs Portland 2023"
"Adam Altman - From resistance to adoption: navigating the challenges of docs-like-code","2023-05-17","https://www.youtube.com/watch?v=E12mXHjcQBE","Not started","Write the Docs Portland 2023"
"Lightning Talk: Ashley Gordon - Tech writing internships","2023-05-17","https://www.youtube.com/watch?v=QNQwtb9u17A","Not started","Write the Docs Portland 2023"
"Ed Cormany - The Descriptivist Manifesto","2023-05-17","https://www.youtube.com/watch?v=RbFxwuNJjWo","Not started","Write the Docs Portland 2023"
"Lightning Talk: Matthew Shaver - Lego your docs","2023-05-17","https://www.youtube.com/watch?v=SljXA2bTOxo","Not started","Write the Docs Portland 2023"
"Alex Garnett and Lauren Kiss - Doing Data-Driven Content Maintenance","2023-05-17","https://www.youtube.com/watch?v=Y3SH0-iWWhc","Not started","Write the Docs Portland 2023"
"Lightning Talk: Ryan Macklin - People are never logical","2023-05-17","https://www.youtube.com/watch?v=l0n9A_DXAoY","Not started","Write the Docs Portland 2023"
"Jennifer A Swallow - Winning Over Coworkers, Collaborators, and Customers to a New Knowledge Exp.","2023-05-17","https://www.youtube.com/watch?v=yUhLkF-YDZs","Not started","Write the Docs Portland 2023"
"Lana Novikova - Let's bring science into technical writing","2022-12-15","https://www.youtube.com/watch?v=9SdGWU867bs","Not started","Write the Docs Australia 2022"
"Sarah Rainsberger - Happy Contributors, High Standards pick two! Balancing quality and community","2022-12-15","https://www.youtube.com/watch?v=emgFALmCyrY","Not started","Write the Docs Australia 2022"
"LT: Shauna McGee Kinney - Red Doc Chili Papers - Print Docs Then and Now","2022-12-15","https://www.youtube.com/watch?v=wy6-ViO1EvE","Not started","Write the Docs Australia 2022"
"LT: Gaurav Nelson - Unlock the Hidden Job Market, Secrets to finding more writing opportunities","2022-12-15","https://www.youtube.com/watch?v=3MGj5Qd7n-0","Not started","Write the Docs Australia 2022"
"Swapnil Ogale - Conference intro and community update","2022-12-15","https://www.youtube.com/watch?v=M9qia7lEwcA","Not started","Write the Docs Australia 2022"
"LT: Michael Park - Docker, a little container of consistency","2022-12-15","https://www.youtube.com/watch?v=ONZqaIpMdJo","Not started","Write the Docs Australia 2022"
"LT: Yvonne Perkins - Communication in Communities - the personnel","2022-12-15","https://www.youtube.com/watch?v=RzZIOFDU4X0","Not started","Write the Docs Australia 2022"
"LT: Cameron Shorter - My Open Source Docs Addiction","2022-12-15","https://www.youtube.com/watch?v=S-6NxPUorgU","Not started","Write the Docs Australia 2022"
"Braden Riggs - Optimizing SEO for Technical Documentation","2022-12-15","https://www.youtube.com/watch?v=VNLaKWU4pZs","Not started","Write the Docs Australia 2022"
"Alex Fiedler - Knowledge Experience for a PLG Strategy","2022-12-15","https://www.youtube.com/watch?v=XtdOcLzVhzY","Not started","Write the Docs Australia 2022"
"Claire Mahoney - Chaos to contained  How a content project can lead to better content BAU","2022-12-15","https://www.youtube.com/watch?v=_sm0XDkHckM","Not started","Write the Docs Australia 2022"
"Lilly Ryan - Hack the Docs  how security professionals use documentation","2022-12-15","https://www.youtube.com/watch?v=h3xj5Pve1L8","Not started","Write the Docs Australia 2022"
"Ishara Ilangasinghe - Interviewing a Technical Writer Candidate","2022-12-15","https://www.youtube.com/watch?v=kjhVH9g_Ug4","Not started","Write the Docs Australia 2022"
"LT: Jared Morgan - The art and design of Pinball machine manuals","2022-12-15","https://www.youtube.com/watch?v=pMIKVmBwLJ0","Not started","Write the Docs Australia 2022"
"Hari Priya - How customer journey mapping can improve your docs and customer experience","2022-12-15","https://www.youtube.com/watch?v=tnTTN_64nAM","Not started","Write the Docs Australia 2022"
"Shumin Chen - Sustainable Content for Software Documentation Powered by Simplified Technical English","2022-12-15","https://www.youtube.com/watch?v=xKbg10gymI4","Not started","Write the Docs Australia 2022"
"Taylor Cole - Cultivating a Stakeholder Network for Our Docs","2022-09-23","https://www.youtube.com/watch?v=3CiPXvawuow","Not started","Write the Docs Prague 2022"
"Melissa Black and Asma Kacem - Toward the broader globalization of Open Source","2022-09-23","https://www.youtube.com/watch?v=0igXjEXveXQ","Not started","Write the Docs Prague 2022"
"Write the Docs team - Community Update, WTD Prague 2022","2022-09-23","https://www.youtube.com/watch?v=4nPWgUQ_VAo","Not started","Write the Docs Prague 2022"
"Mano Toth - Documentation as Marketing? From Conflict to Collaboration","2022-09-23","https://www.youtube.com/watch?v=MuhQKWAo-VM","Not started","Write the Docs Prague 2022"
"Karissa Van Baulen - How I convinced my boss to build our docs team","2022-09-23","https://www.youtube.com/watch?v=7OLiTPL0lGw","Not started","Write the Docs Prague 2022"
"Tibs - Beyond spell checking - what else can we check automatically?","2022-09-23","https://www.youtube.com/watch?v=8NukYx5ggCM","Not started","Write the Docs Prague 2022"
"[Lightning Talk] Emily Axel - Running an accessibility exercise with your team","2022-09-23","https://www.youtube.com/watch?v=Fpr0Z0o3GXQ","Not started","Write the Docs Prague 2022"
"Ryan Paul - Two years of Markdoc: what we’ve learned about balancing developer and author experience","2022-09-23","https://www.youtube.com/watch?v=Js8ZK-eiwAg","Not started","Write the Docs Prague 2022"
"Tyler Smith - ADHD and its impact on the Creative Process for Writers","2022-09-23","https://www.youtube.com/watch?v=YLyfhTzADAA","Not started","Write the Docs Prague 2022"
"[Lightning Talk] Abi Sutherland - Can we NOT do docs at the eleventh hour? Mmmmmaybe.","2022-09-23","https://www.youtube.com/watch?v=ZwSKTitv778","Not started","Write the Docs Prague 2022"
"[Lightning Talk] Kat Stoica Ostenfeld - Speech acts - a thing we all do, without necessarily knowing","2022-09-23","https://www.youtube.com/watch?v=bLbpWyNnRZE","Not started","Write the Docs Prague 2022"
"Emilia Juda Özbay - Maintaining Documentation: Make It Easy!","2022-09-23","https://www.youtube.com/watch?v=cD6YWZgeSBY","Not started","Write the Docs Prague 2022"
"[Lightning Talk] James Baross - Git strategies for documentation","2022-09-23","https://www.youtube.com/watch?v=d4I5tMWX8PY","Not started","Write the Docs Prague 2022"
"[Lightning Talk] Mayur Patil - Tips to learn from scripts of Christopher Nolan","2022-09-23","https://www.youtube.com/watch?v=fNC47Dh0L9E","Not started","Write the Docs Prague 2022"
"Prashant Mathapathi - Improve Customer Adoption with UI Help","2022-09-23","https://www.youtube.com/watch?v=qpF85-f7brI","Not started","Write the Docs Prague 2022"
"Jeff Smith - The Art of Asking Questions","2022-09-23","https://www.youtube.com/watch?v=v6mWnQ0KwHI","Not started","Write the Docs Prague 2022"
"Benny Ifeanyi Iheagwara and Mustapha Rufai - Creating documentation for the African audience","2022-09-23","https://www.youtube.com/watch?v=w2L3QoTnYbE","Not started","Write the Docs Prague 2022"
"Ben Perlmutter - Unit Test the Docs: Why You Should Test Your Code Examples","2022-06-01","https://www.youtube.com/watch?v=yCqteMY3L-g","Not started","Write the Docs Portland 2022"
"LT: Bart Buerman - Introducing the Broadcast Bike","2022-06-01","https://www.youtube.com/watch?v=-Jg1G1j_KcI","Not started","Write the Docs Portland 2022"
"Lana Brindley - From Me to Us: Building a docs team from the ground up","2022-06-01","https://www.youtube.com/watch?v=48hmsGXU5Tk","Not started","Write the Docs Portland 2022"
"LT: Elisa Sawyer - The Zen of Technical Writing","2022-06-01","https://www.youtube.com/watch?v=5tSMzfvFEc8","Not started","Write the Docs Portland 2022"
"Liani Lye & Gretchen Maciolek - All together now: Turning technologists into documentarians","2022-06-01","https://www.youtube.com/watch?v=7I9HoJIb6IU","Not started","Write the Docs Portland 2022"
"Marcia Riefer Johnston & Dave May - One AWS team’s move to docs as code","2022-06-01","https://www.youtube.com/watch?v=Cxuo3udElcE","Not started","Write the Docs Portland 2022"
"Kassandra Dhillon and Erin McKean - Measuring Documentation Success in Open Source","2022-06-01","https://www.youtube.com/watch?v=HCYJB23Gj2M","Not started","Write the Docs Portland 2022"
"LT: Matt Reiner - I'm Make Technical Videos... Am I Still a Documentarian?!","2022-06-01","https://www.youtube.com/watch?v=HD2H6u3ytHQ","Not started","Write the Docs Portland 2022"
"Erin Dees - Code Cowpokes and Word Wranglers: from Mutual Admiration to Solidarity","2022-06-01","https://www.youtube.com/watch?v=I9g8b4iWD1I","Not started","Write the Docs Portland 2022"
"Chris Ganta - Peer writing and beyond: An experimental approach to sustainable open-source projects","2022-06-01","https://www.youtube.com/watch?v=Q_Wcwzz8x5M","Not started","Write the Docs Portland 2022"
"LT: Bryan Klein - Marketing and Documentation Site with GitPod, Frontmatter CMS and Hugo SSG","2022-06-01","https://www.youtube.com/watch?v=T7neqUfnVvo","Not started","Write the Docs Portland 2022"
"LT: Gayathri Krishnaswamy - 5 steps to a great quickstart","2022-06-01","https://www.youtube.com/watch?v=V-tZo0rArag","Not started","Write the Docs Portland 2022"
"Conference Closing","2022-06-01","https://www.youtube.com/watch?v=Yc1CVeYO4r8","Not started",""
"LT: Sarah Shockey - Global English: tips and tricks for simplicity and cross-cultural communication","2022-06-01","https://www.youtube.com/watch?v=Z58TnZAXmwo","Not started","Write the Docs Portland 2022"
"Eric Holscher - Conference introduction and community update","2022-06-01","https://www.youtube.com/watch?v=a6-VYEmV7tM","Not started","Write the Docs Portland 2022"
"Anna Gasparyan - Don't shoot yourself in the foot with content reuse","2022-06-01","https://www.youtube.com/watch?v=dxEhvjz3eEY","Not started","Write the Docs Portland 2022"
"Rose Williams & Alyssa Rock - Meetup information session - Get involved locally!","2022-06-01","https://www.youtube.com/watch?v=huPjgIx16Go","Not started","Write the Docs Portland 2022"
"LT: Leanna Inzalaco - Sparking a conversation about climate-aware content strategies","2022-06-01","https://www.youtube.com/watch?v=jXrnqC5amzw","Not started","Write the Docs Portland 2022"
"LT: Sarah Day - How to Give Bad News","2022-06-01","https://www.youtube.com/watch?v=oLbL0ccLVeg","Not started","Write the Docs Portland 2022"
"Kate Mueller - Beating the Virginia Blues: Thru-hiking strategies for your next big project","2022-06-01","https://www.youtube.com/watch?v=oqp0joQmazE","Not started","Write the Docs Portland 2022"
"Kumar Dhanagopal - Don't trust the numbers!","2022-06-01","https://www.youtube.com/watch?v=sLsohqs3tSE","Not started","Write the Docs Portland 2022"
"Alastair Dallas and Shane Diven - Lessons Learned from Cloud Ops","2022-06-01","https://www.youtube.com/watch?v=sTwFAgLSCFY","Not started","Write the Docs Portland 2022"
"LT: Cynthia Harvey - Marketing is not a curse word - 5 reasons to cultivate a closer relationship","2022-06-01","https://www.youtube.com/watch?v=wM3GQUMaKWs","Not started","Write the Docs Portland 2022"
"LT: Ryan Macklin - Can I interest you in Empathy Advocacy?","2022-06-01","https://www.youtube.com/watch?v=xfnlNxq0V_A","Not started","Write the Docs Portland 2022"
"Lana Brindley - More than words: Reviewing and updating your information architecture","2021-10-12","https://www.youtube.com/watch?v=Gm-0IIvWLmE","Not started","Write the Docs Prague 2021"
"[Lightning Talk] Coley Woyak - New, first, & only","2021-10-12","https://www.youtube.com/watch?v=W-DlX8IuKMA","Not started","Write the Docs Prague 2021"
"Jenn Leaver - Docs leadership: How to become a stronger leader for your team","2021-10-12","https://www.youtube.com/watch?v=3ceQ9xbRn3s","Not started","Write the Docs Prague 2021"
"Kat Stoica Ostenfeld - How I use applied linguistics to be a better technical writer","2021-10-12","https://www.youtube.com/watch?v=5e1h3cMEg8Q","Not started","Write the Docs Prague 2021"
"Victor Sluiter - Adventures in setting up a knowledge system for a research group","2021-10-12","https://www.youtube.com/watch?v=5tv4bOPpI7M","Not started","Write the Docs Prague 2021"
"Felicity Brand - How to write a book for (and with) an open source community","2021-10-12","https://www.youtube.com/watch?v=Enq7Esg3tHY","Not started","Write the Docs Prague 2021"
"Kate Santo - From travel content to technical content: my journey","2021-10-12","https://www.youtube.com/watch?v=NKK2o0IPXjU","Not started","Write the Docs Prague 2021"
"Fabrizio Ferri Benedetti - When documenting is designing","2021-10-12","https://www.youtube.com/watch?v=ODjX_3tGeeM","Not started","Write the Docs Prague 2021"
"Anna Korinna Németh Szabó - Alchemy in Adversity","2021-10-12","https://www.youtube.com/watch?v=RwzrF1g2vf4","Not started","Write the Docs Prague 2021"
"[Lightning Talk] Abi Sutherland - The best tech writing you’ve never seen","2021-10-12","https://www.youtube.com/watch?v=Xasef7oR25Y","Not started","Write the Docs Prague 2021"
"Mikey Ariel - Introduction to Write the Docs Prague 2021","2021-10-12","https://www.youtube.com/watch?v=YJG3WBGoBlY","Not started","Write the Docs Prague 2021"
"[Lightning Talk] Emily Axel - Process Recordings: Documenting Social Work Conversations","2021-10-12","https://www.youtube.com/watch?v=dHd5OksBPBA","Not started","Write the Docs Prague 2021"
"Anita Diamond - Cognitive Ergonomics in Technical Writing - Lessons from the Field","2021-10-12","https://www.youtube.com/watch?v=lSzV1r5PbLA","Not started","Write the Docs Prague 2021"
"[Lightning Talk] Tony Ibbs - Apostrophe - a story of naming","2021-10-12","https://www.youtube.com/watch?v=olkBKVP6ezE","Not started","Write the Docs Prague 2021"
"[Lightning Talk] Qian Lu - Design thinking is in tech writing all along","2021-10-12","https://www.youtube.com/watch?v=rF4LSq_zPoQ","Not started","Write the Docs Prague 2021"
"[Lightning Talk] Swapnil Ogale - The five people you meet in documentation","2021-10-12","https://www.youtube.com/watch?v=z4Sh4HuXDxw","Not started","Write the Docs Prague 2021"
"[Lightning Talk] Bart Buerman - Bike the Docs","2021-10-12","https://www.youtube.com/watch?v=CBtqnxWDa_Q","Not started","Write the Docs Prague 2021"
"Kevin Hwang - Customer Feedback is the Fuel in our Engine","2021-10-12","https://www.youtube.com/watch?v=JbGTU15RlYk","Not started","Write the Docs Prague 2021"
"Karen Sawrey - Hustling for Fun and Profit as a Technical Writer: A Freelancing Starter Kit","2021-10-12","https://www.youtube.com/watch?v=doYpi9hEE7w","Not started","Write the Docs Prague 2021"
"[Lightning Talk] Eugene Titerman - Docs as GUI","2021-10-12","https://www.youtube.com/watch?v=eaqjv6--fw8","Not started","Write the Docs Prague 2021"
"Ryan Macklin - So you need to give bad news to users…","2021-10-12","https://www.youtube.com/watch?v=iuaLHLyLTpY","Not started","Write the Docs Prague 2021"
"[Lightning Talk] Ingrid Towey - Turning cooperation into collaboration: A UX writing case history","2021-05-04","https://www.youtube.com/watch?v=M3_XR5RbGeE","Not started","Write the Docs Portland 2021"
"Abigail McCarthy - Guide to getting started in open source","2021-05-04","https://www.youtube.com/watch?v=3prrgLv4qt4","Not started","Write the Docs Portland 2021"
"[Lightning Talk] Maribel Carrillo Padilla - Why Accessibility is a Tool to Build Better Products","2021-05-04","https://www.youtube.com/watch?v=42FXlj2spl4","Not started","Write the Docs Portland 2021"
"Laura Novich - Documentation Communities: Sound Strategy or Documentarian's Gambit?","2021-05-04","https://www.youtube.com/watch?v=57ik4zDMKJY","Not started","Write the Docs Portland 2021"
"Swapnil Ogale - Putting the “tech” in technical writer","2021-05-04","https://www.youtube.com/watch?v=FQ7DkPOw3Cc","Not started","Write the Docs Portland 2021"
"[Lightning Talk] Joe Lodin - A Lightning-Quick Intro to Cross-Functional Writing","2021-05-04","https://www.youtube.com/watch?v=LfG7QxN4jYY","Not started","Write the Docs Portland 2021"
"[Lightning Talk] Garrett Griffith - Git Basics for a Non-Technical Audience","2021-05-04","https://www.youtube.com/watch?v=NTGtcDns_j8","Not started","Write the Docs Portland 2021"
"[Lightning Talk] Kathryn Elliott - Content Experience Checklist","2021-05-04","https://www.youtube.com/watch?v=PkJCMIGj_KE","Not started","Write the Docs Portland 2021"
"Deanna Thompson - Building a style guide from the ground up: lessons learned from a lone writer","2021-05-04","https://www.youtube.com/watch?v=PkK1lowfeFU","Not started","Write the Docs Portland 2021"
"Nicola Yap - Level Up: Onboarding that enables writers to thrive","2021-05-04","https://www.youtube.com/watch?v=ROhFB4HL0CU","Not started","Write the Docs Portland 2021"
"Jessica Garson - Writing a perfect technical tutorial","2021-05-04","https://www.youtube.com/watch?v=T4mJ1Du-VB4","Not started","Write the Docs Portland 2021"
"Ines Stefanovic - Is Tech Writer a Tester, and Vice Versa, Is Tester a Tech Writer?","2021-05-04","https://www.youtube.com/watch?v=TG7vKolsqb4","Not started","Write the Docs Portland 2021"
"Rin Oliver - Writing Documentation with Neurodivergent Open Source Contributors In Mind","2021-05-04","https://www.youtube.com/watch?v=TV-bawUDibc","Not started","Write the Docs Portland 2021"
"Sarah R. Rodlund - Beyond metrics: Using maturity models to develop a docs strategy","2021-05-04","https://www.youtube.com/watch?v=Ti5lfI0l190","Not started","Write the Docs Portland 2021"
"[Lightning Talk] Jatin Billimoria - Bug Bashing Your Docs","2021-05-04","https://www.youtube.com/watch?v=ToNhL3cZImA","Not started","Write the Docs Portland 2021"
"Paris Buttfield-Addison - The Secret History of Libraries","2021-05-04","https://www.youtube.com/watch?v=VEDdflVPTv0","Not started","Write the Docs Portland 2021"
"Daniele Procida - Always complete, never finished","2021-05-04","https://www.youtube.com/watch?v=Wc7n7uIg4AM","Not started","Write the Docs Portland 2021"
"Eric Holscher - Welcome to Write the Docs Portland 2021","2021-05-04","https://www.youtube.com/watch?v=YkbhW_ntAMc","Not started","Write the Docs Portland 2021"
"Rachael Stavchansky - Shuffle ball change: Sashay your way to clearer API documentation","2021-05-04","https://www.youtube.com/watch?v=aaBLXKGs9cQ","Not started","Write the Docs Portland 2021"
"Eric Holscher - Write the Docs Portland 2021 Closing","2021-05-04","https://www.youtube.com/watch?v=e2Pg98vBM9M","Not started","Write the Docs Portland 2021"
"Katherine Karaus - Invisible influence: the documentation behind UX copy","2021-05-04","https://www.youtube.com/watch?v=efmtoJ6Q-0Q","Not started","Write the Docs Portland 2021"
"Falon Darville - Almost None to Some: Driving DISQO's Doc Culture as a Solo Documentarian","2021-05-04","https://www.youtube.com/watch?v=f7hHwGvR0_Q","Not started","Write the Docs Portland 2021"
"[Lightning Talk] Amoreen Armetta - WTD Book Club","2021-05-04","https://www.youtube.com/watch?v=jJ6JSlvaCW8","Not started","Write the Docs Portland 2021"
"[Lightning Talk] Lisa Gay - The Nuts and Bolts, Literally: Documenting Hardware","2021-05-04","https://www.youtube.com/watch?v=wr1fMBhNvXU","Not started","Write the Docs Portland 2021"
"[Lightning Talk] Ryan Macklin - 5 things being a game designer taught me about tech writing","2021-05-04","https://www.youtube.com/watch?v=y_B9T6MhPs4","Not started","Write the Docs Portland 2021"
"[Lightning Talk] Renée Carignan Schaaf - Why Docs Folks Make Awesome ERG Advocates","2021-05-04","https://www.youtube.com/watch?v=yyp9FoP0Qjo","Not started","Write the Docs Portland 2021"
"Swapnil Ogale - Introduction and welcome to Write the Docs Australia and India 2020","2020-12-11","https://www.youtube.com/watch?v=NDXdRz6Gouo","Not started","Write the Docs Australia and India 2020"
"[Lightning Talk] Linette Voller - 5 Steps towards making sketchnotes","2020-12-10","https://www.youtube.com/watch?v=uF0XAuQmfdM","Not started","Write the Docs Australia and India 2020"
"[Lightning Talk] Cameron Shorter - State of [The Good Docs Project]","2020-12-10","https://www.youtube.com/watch?v=SzScm8W1Ys4","Not started","Write the Docs Australia and India 2020"
"[Lightning Talk] Swapnil Ogale - Markdown and the art of reuse","2020-12-10","https://www.youtube.com/watch?v=bsoygkUmPB8","Not started","Write the Docs Australia and India 2020"
"[Lightning Talk]  Eric Holscher - Embedding documentation content","2020-12-10","https://www.youtube.com/watch?v=tBP-4zHQMKM","Not started","Write the Docs Australia and India 2020"
"[Lightning Talk]  Ankita Tripathi - Sneak peek into the API world outside REST","2020-12-10","https://www.youtube.com/watch?v=1xamsQ1b8L0","Not started","Write the Docs Australia and India 2020"
"[Lightning Talk]  Anindita Basu - Data harvesting from liturgy","2020-12-10","https://www.youtube.com/watch?v=JszdjnveZ4k","Not started","Write the Docs Australia and India 2020"
"[Lightning Talk] Jared Morgan- Experimenting with video length for great justice","2020-12-10","https://www.youtube.com/watch?v=KPHu726Ai9o","Not started","Write the Docs Australia and India 2020"
"Sayraphim Lothian - How (and why) to make awesome video tutorials","2020-12-10","https://www.youtube.com/watch?v=OFpQJSzWz6s","Not started","Write the Docs Australia and India 2020"
"Kenzie Woodbridge - Everyone's a player (in a mid-90s MUD)","2020-12-10","https://www.youtube.com/watch?v=luYNcug3tCs","Not started","Write the Docs Australia and India 2020"
"Matt Reiner- The Pains of Composition: How to write your best documentation in a collaborative world","2020-12-10","https://www.youtube.com/watch?v=NrEbQOzGFTM","Not started","Write the Docs Australia and India 2020"
"Sam Irons - Content strategy in practice: a case study","2020-12-10","https://www.youtube.com/watch?v=9TEIndrieYY","Not started","Write the Docs Australia and India 2020"
"Vikram Mulay - Influence your customer outreach with best practices for internationalization","2020-12-10","https://www.youtube.com/watch?v=mWLXSQT4PFU","Not started","Write the Docs Australia and India 2020"
"Marika Vertzonis - A treasure map for the doc – Exploring the discoverability of documentation","2020-12-10","https://www.youtube.com/watch?v=cntzZ-3n-PM","Not started","Write the Docs Australia and India 2020"
"Chris Ward - An introduction to developer experience, and the role of a documentarian","2020-12-10","https://www.youtube.com/watch?v=-xs-gYYSGiI","Not started","Write the Docs Australia and India 2020"
"Ankita Tripathi - Overcoming the Plight of Lone Writers","2020-12-10","https://www.youtube.com/watch?v=K00s0v0eMAs","Not started","Write the Docs Australia and India 2020"
"Marcelina Haftka - Legacy content from various perspectives","2020-12-10","https://www.youtube.com/watch?v=Xl374PMXiJI","Not started","Write the Docs Australia and India 2020"
"Andrea Szöllössi - 5 things I learned from my first open source contribution","2020-12-10","https://www.youtube.com/watch?v=T1-AnEfUR4M","Not started","Write the Docs Australia and India 2020"
"Scott DeLoach - Microcontent: Designing & Developing Reusable Content","2020-12-10","https://www.youtube.com/watch?v=CoShm-AXYP4","Not started","Write the Docs Australia and India 2020"
"Lana Brindley - When Agile Fails: Working on Large Documentation Projects","2020-12-10","https://www.youtube.com/watch?v=gqImziESRho","Not started","Write the Docs Australia and India 2020"
"Michael Belton - Onboard yourself: How to get set-up for success in a new role","2020-12-10","https://www.youtube.com/watch?v=3TWEDhCY3Qs","Not started","Write the Docs Australia and India 2020"
"Yael Ben David - Little words, big ideas: How to write microcopy that works","2020-12-10","https://www.youtube.com/watch?v=RBStYOBgeB4","Not started","Write the Docs Australia and India 2020"
"Akshay Iyer - Storytelling for Technical Products - What We Can Learn from Lego and Pixar","2020-12-10","https://www.youtube.com/watch?v=_SiOkgQd_Js","Not started","Write the Docs Australia and India 2020"
"Chris Noonan - The Rocky Road to DocOps","2020-10-27","https://www.youtube.com/watch?v=2HjeYNs2z7o","Not started","Write the Docs Prague 2020"
"Andrew Haynes - A Journey to Pattern Languages","2020-10-27","https://www.youtube.com/watch?v=EHzOrtdF_V0","Not started","Write the Docs Prague 2020"
"Karissa Van Baulen - The Importance of Using Analytics and Feedback for your Documentation","2020-10-27","https://www.youtube.com/watch?v=EkPU2afWPDA","Not started","Write the Docs Prague 2020"
"Kruno Golubić  - From Graffiti Writer to Technical Writer","2020-10-27","https://www.youtube.com/watch?v=HnK_DmUMo-M","Not started","Write the Docs Prague 2020"
"Karen Sawrey - Remote Job On boarding: Top 10 Things We Can Do Better","2020-10-27","https://www.youtube.com/watch?v=K_v80LVeayE","Not started","Write the Docs Prague 2020"
"Mikey Ariel - Introduction to Write the Docs Prague 2020","2020-10-27","https://www.youtube.com/watch?v=Vf5f2wBdFXo","Not started","Write the Docs Prague 2020"
"Jen Weaver - Future-Proofing Your Support Visuals","2020-10-27","https://www.youtube.com/watch?v=fjXam26sUSE","Not started","Write the Docs Prague 2020"
"[Lightning Talk] Fabrizio Ferri Benedetti - Be a Salmon","2020-10-27","https://www.youtube.com/watch?v=xGnIeYUAjMw","Not started","Write the Docs Prague 2020"
"Myriam Jessier - Making documentation discoverable in search engines","2020-10-27","https://www.youtube.com/watch?v=729Fs7JJFAQ","Not started","Write the Docs Prague 2020"
"Joe Malin - Need Examples? Write Your Own!","2020-10-27","https://www.youtube.com/watch?v=Cuyei0ZA-vQ","Not started","Write the Docs Prague 2020"
"Abigail Sutherland - Organizing a Confluence hoard, or, does this page spark joy?","2020-10-27","https://www.youtube.com/watch?v=DrGCWTxeA94","Not started","Write the Docs Prague 2020"
"[Lightning Talk] Surya Panneer - Technical Editing Checklist","2020-10-27","https://www.youtube.com/watch?v=Ey2nSxPkTS0","Not started","Write the Docs Prague 2020"
"Paul Brown - The Baseline -- Or Technical Writing for Non Technical Readers","2020-10-27","https://www.youtube.com/watch?v=GVFsjcS6f3I","Not started","Write the Docs Prague 2020"
"Tanks Transfeld - Emulating the Teacher's Approving Nod in Teaching Material","2020-10-27","https://www.youtube.com/watch?v=NCxSJXD2RHY","Not started","Write the Docs Prague 2020"
"[Lightning Talk] Emily Axel - Conveying Emotion Over Slack: A Tale of Two Emojis","2020-10-27","https://www.youtube.com/watch?v=Nvxvstdzkfk","Not started","Write the Docs Prague 2020"
"[Lightning Talk] Kenzie Woodbridge - Affective Data Visualization (CW)","2020-10-27","https://www.youtube.com/watch?v=OVFkfsBLC7k","Not started","Write the Docs Prague 2020"
"Ingrid K Towey - When Wishing Still Helped... What Folklore Can Teach Us About Technical Writing","2020-10-27","https://www.youtube.com/watch?v=SWWnyYFb6w8","Not started","Write the Docs Prague 2020"
"[Lightning Talk] Tina Lüdtke - A quick round trip inside the brain","2020-10-27","https://www.youtube.com/watch?v=TjyUHpc6ppE","Not started","Write the Docs Prague 2020"
"Jessica Valasek Estenssoro and Arthur D'Herbemont - How to be an Avante-Garde Guinea Pig","2020-10-27","https://www.youtube.com/watch?v=Udy1-gzdcig","Not started","Write the Docs Prague 2020"
"[Lightning Talk] Bart Buerman - Running a conference livestream from my living room","2020-10-27","https://www.youtube.com/watch?v=Y16v5kwbcdQ","Not started","Write the Docs Prague 2020"
"Natali Vlatko - Documenting the (Ancient) History of Your Project","2020-10-27","https://www.youtube.com/watch?v=YxNx9Fi40-Y","Not started","Write the Docs Prague 2020"
"Matt Reiner - Bake a Little Documentation Love into Your Product","2020-10-27","https://www.youtube.com/watch?v=_XcCbAvN7f8","Not started","Write the Docs Prague 2020"
"[Lightning Talk] Shweta Naresh - Technical writers or UX advocates","2020-10-27","https://www.youtube.com/watch?v=u7kERthDlXQ","Not started","Write the Docs Prague 2020"
"Diana Lakatos - Helping Your Community Contribute to Developer Documentation","2020-10-27","https://www.youtube.com/watch?v=zm5Iw7jsyC4","Not started","Write the Docs Prague 2020"
"Brooke Wayne - Don't Fear Migration! How to Successfully Move Docs to a New Tool","2020-08-18","https://www.youtube.com/watch?v=5asLqBaVVmg","Not started","Write the Docs Portland 2020"
"Luc Perkins - Model-view-docs: taming large-scale documentation projects using structured data","2020-08-18","https://www.youtube.com/watch?v=l9cdOSfWUDg","Not started","Write the Docs Portland 2020"
"Avi Flax - Set your data free with model-based architecture diagramming","2020-08-18","https://www.youtube.com/watch?v=3i-C7qbRGGQ","Not started","Write the Docs Portland 2020"
"Lucy Carey - Globalise the docs","2020-08-18","https://www.youtube.com/watch?v=D5BchQwaM8Y","Not started","Write the Docs Portland 2020"
"Anni Bond - Writing Backwards: Documenting the End-of-Life of a Product","2020-08-18","https://www.youtube.com/watch?v=vvpELALAUUc","Not started","Write the Docs Portland 2020"
"Jessica Garson - Creating Quality Sample Code","2020-08-18","https://www.youtube.com/watch?v=yhrbkReYbf0","Not started","Write the Docs Portland 2020"
"Luca Janssens - Finding the line: Balancing business continuity and documentation debt","2020-08-18","https://www.youtube.com/watch?v=n7BNAP-zsR0","Not started","Write the Docs Portland 2020"
"[Lightning Talk] Nick Van der Auwermeulen - Impactful writing during the pandemic","2020-08-18","https://www.youtube.com/watch?v=5dfIJ6pclbI","Not started","Write the Docs Portland 2020"
"Matthew Baldwin - Read the Rules: What technical writers can learn from board game design","2020-08-18","https://www.youtube.com/watch?v=7a3xEl8C3Lc","Not started","Write the Docs Portland 2020"
"[Lightning Talk] Ayman Nadeem - Hieroglyphic: visual annotations for code","2020-08-18","https://www.youtube.com/watch?v=9EkW6PUdZzA","Not started","Write the Docs Portland 2020"
"Kateryna Osadchenko - Collaborating w/teams on content strategy planning: pitfalls & best practices","2020-08-18","https://www.youtube.com/watch?v=AE4LleFg1iI","Not started","Write the Docs Portland 2020"
"Shavindri Dissanayake (Shavi) - Why SDK Docs Matter — And What I’m Doing About It!","2020-08-18","https://www.youtube.com/watch?v=D0QY7MXV3Ho","Not started","Write the Docs Portland 2020"
"[Lightning Talk] Janine Chan - When grammar rules matter, and when they get in the way","2020-08-18","https://www.youtube.com/watch?v=HIfANztn_-A","Not started","Write the Docs Portland 2020"
"[Lightning Talk] Matt Reiner - Collaboration is scary and makes us better","2020-08-18","https://www.youtube.com/watch?v=JB1xsebccVQ","Not started","Write the Docs Portland 2020"
"[Lightning Talk] Ryan Macklin - Emotional personas: another way to think about your users","2020-08-18","https://www.youtube.com/watch?v=LH3s6WHvvL4","Not started","Write the Docs Portland 2020"
"Dan Gunter - Where Docs, Cloud-hosted Interactive Tutorials and CI Testing Intersect","2020-08-18","https://www.youtube.com/watch?v=NIxopuBhnV4","Not started","Write the Docs Portland 2020"
"Alexandra White - Moving beyond empathy: a11y in documentation","2020-08-18","https://www.youtube.com/watch?v=PS8ywGg0x-U","Not started","Write the Docs Portland 2020"
"Sally Stumbo - Walking Backwards: New Customer Journey from Finish to Start to Help Shape Content","2020-08-18","https://www.youtube.com/watch?v=UOjbIZr-G_Q","Not started","Write the Docs Portland 2020"
"Ryan Paul - Documentation as an application: enabling interactive content tailored to the user","2020-08-18","https://www.youtube.com/watch?v=aLVvSyenA6s","Not started","Write the Docs Portland 2020"
"[Lightning Talk] Adrian Stevens - Write great learning objectives to power intelligent search","2020-08-18","https://www.youtube.com/watch?v=j2zbyOuVdNE","Not started","Write the Docs Portland 2020"
"Colin Dean - Building a content-focused, scientific document authoring workflow","2020-08-18","https://www.youtube.com/watch?v=m1Lhy3fheuY","Not started","Write the Docs Portland 2020"
"[Lightning Talk] Julia Evans - Can we (sometimes) go back to print documentation?","2020-08-18","https://www.youtube.com/watch?v=pC6awTmOy_o","Not started","Write the Docs Portland 2020"
"Paul Logan - The Search for Search","2020-08-18","https://www.youtube.com/watch?v=yMN_XWHEAy4","Not started","Write the Docs Portland 2020"
"Introduction to Write the Docs Portland 2020","2020-08-18","https://www.youtube.com/watch?v=rcTHjGuSteY","Not started","Write the Docs Portland 2020"
"Kelly O'Brien - Surprise! You're a designer now.","2019-09-22","https://www.youtube.com/watch?v=5jcBDWC8s-E","Not started","Write the Docs Prague 2019"
"Introduction to Write the Docs Prague 2019","2019-09-22","https://www.youtube.com/watch?v=8DNniQzgzFQ","Not started","Write the Docs Prague 2019"
"Prerana Pradhan - Fostering Technical Writing in Developing Nations","2019-09-22","https://www.youtube.com/watch?v=DpYFUeeL3KY","Not started","Write the Docs Prague 2019"
"Zachary Sarah Corleissen - Found in Translation: Lessons from a Year of Open Source Localization","2019-09-22","https://www.youtube.com/watch?v=GXkpHAruNV8","Not started","Write the Docs Prague 2019"
"Ellie Farrier - Wild Geeks: Poetry in the Digital Age","2019-09-22","https://www.youtube.com/watch?v=KBCRUTr2u0c","Not started","Write the Docs Prague 2019"
"Ilona Koren-Deutsch - Inclusive environments are just better: science says so","2019-09-22","https://www.youtube.com/watch?v=OkKLFazW9SU","Not started","Write the Docs Prague 2019"
"Jen Lambourne - The UK government meets docs as code","2019-09-22","https://www.youtube.com/watch?v=Ql9Il7tssik","Not started","Write the Docs Prague 2019"
"Plamena Maleva - The Power of Empathy in Support Documentation: A 5-Step Guide","2019-09-22","https://www.youtube.com/watch?v=Ymo0QcvEg5s","Not started","Write the Docs Prague 2019"
"Ben Ahmady - Write the API docs before the API exists","2019-09-22","https://www.youtube.com/watch?v=YoeQV6PJmos","Not started","Write the Docs Prague 2019"
"Day 1 Lightning Talk #4 - Write the Docs Prague 2019","2019-09-22","https://www.youtube.com/watch?v=csDM6FfLkJE","Not started","Write the Docs Prague 2019"
"Day 2 Lightning Talk #4 - Write the Docs Prague 2019","2019-09-22","https://www.youtube.com/watch?v=cvUEwMy7n14","Not started","Write the Docs Prague 2019"
"James Scott - How to write the perfect error message","2019-09-22","https://www.youtube.com/watch?v=hzCfl8CGJuw","Not started","Write the Docs Prague 2019"
"Kayla Lee - The Super Effective Writing Process of Grammy-winning Artists","2019-09-22","https://www.youtube.com/watch?v=qxl3Ze7HIug","Not started","Write the Docs Prague 2019"
"Arran Southall - Fostering Talent: Mentorship, Peer Reviews and Going Beyond Your Job Description","2019-09-22","https://www.youtube.com/watch?v=rom6UW-TjNc","Not started","Write the Docs Prague 2019"
"Day 1 Lightning Talk #3 - Write the Docs Prague 2019","2019-09-22","https://www.youtube.com/watch?v=sWaHa_wQv3M","Not started","Write the Docs Prague 2019"
"Day 1 Lightning Talk #1 - Write the Docs Prague 2019","2019-09-22","https://www.youtube.com/watch?v=uL5Uxxds2Og","Not started","Write the Docs Prague 2019"
"Aaron Collier - Seeing your docs through different eyes: Mapping doc users experiences","2019-09-22","https://www.youtube.com/watch?v=vj7TyUgBEW8","Not started","Write the Docs Prague 2019"
"Brian Lemke - How to launch your startup with good docs","2019-09-22","https://www.youtube.com/watch?v=0ilC6bjUpWI","Not started","Write the Docs Prague 2019"
"Day 1 Lightning Talk #2 - Write the Docs Prague 2019","2019-09-22","https://www.youtube.com/watch?v=QfIdqIbNE3Q","Not started","Write the Docs Prague 2019"
"Day 2 Lightning Talk #1 - Write the Docs Prague 2019","2019-09-22","https://www.youtube.com/watch?v=_enufc7FYws","Not started","Write the Docs Prague 2019"
"Day 1 Lightning Talk #5 - Write the Docs Prague 2019","2019-09-22","https://www.youtube.com/watch?v=axBTqOslb54","Not started","Write the Docs Prague 2019"
"Karen Sawrey - Disagree with “I Agree”.","2019-09-22","https://www.youtube.com/watch?v=eaVRJ7teQv4","Not started","Write the Docs Prague 2019"
"Day 2 Lightning Talk #2 - Write the Docs Prague 2019","2019-09-22","https://www.youtube.com/watch?v=n8O3OwfJcTg","Not started","Write the Docs Prague 2019"
"Alison MacNeil - Documenting known unknowns","2019-09-22","https://www.youtube.com/watch?v=rylqzBC3UD0","Not started","Write the Docs Prague 2019"
"Day 2 Lightning Talk #3 - Write the Docs Prague 2019","2019-09-22","https://www.youtube.com/watch?v=sxwKWN7iExA","Not started","Write the Docs Prague 2019"
"Defying the Status Quo: How a grassroots effort can transform an organization - Jodie Putrino","2019-05-22","https://www.youtube.com/watch?v=09z0VDR_bxs","Not started","Write the Docs Portland 2019"
"Lessons Learned in a Year of Docs-Driven Development - Jessica Parsons","2019-05-22","https://www.youtube.com/watch?v=WDYQoZ-QDRM","Not started","Write the Docs Portland 2019"
"Product Documentation Strategy - Kay Miles","2019-05-22","https://www.youtube.com/watch?v=sGN5lHsqAUk","Not started","Write the Docs Portland 2019"
"Captioning the Docs - Vanessa Stanton - Behind the Scenes of Write the Docs","2019-05-21","https://www.youtube.com/watch?v=74D61IulEy0","Not started","Write the Docs Portland 2019"
"Good SEO = Good Content Strategy - Carolyn Gronlund Lightning Talk","2019-05-21","https://www.youtube.com/watch?v=huaPTFeATGM","Not started","Write the Docs Portland 2019"
"Documenting End of Life - Annie Bond Lightning Talk","2019-05-21","https://www.youtube.com/watch?v=4P0t_dJQfgY","Not started","Write the Docs Portland 2019"
"Subtle Issues with camelCase filenames - Carl Parker Lightning Talk","2019-05-21","https://www.youtube.com/watch?v=X0fZh-T5IGg","Not started","Write the Docs Portland 2019"
"Don't get RSI - Sandra Friesen Lightning Talk","2019-05-21","https://www.youtube.com/watch?v=ouMp3iEKHoU","Not started","Write the Docs Portland 2019"
"Automated Testing for Prose - Katy Decorah Lightning Talk","2019-05-21","https://www.youtube.com/watch?v=XGyu_-vx9Ss","Not started","Write the Docs Portland 2019"
"Documentation for Good: Knowledge as a tool for equity and inclusion - Riona MacNamara","2019-05-21","https://www.youtube.com/watch?v=EUIdTrsGMh0","Not started","Write the Docs Portland 2019"
"SDK Reference Manuals: A flow-based approach - Chris Bush","2019-05-21","https://www.youtube.com/watch?v=4OtdFEp88VI","Not started","Write the Docs Portland 2019"
"Show Me the Money: How to Get Your Docs the Love and Support They Deserve - Matt Reiner","2019-05-21","https://www.youtube.com/watch?v=8ZPUOwBIi3g","Not started","Write the Docs Portland 2019"
"Just Add Data: Make it easier to prioritize your documentation - Sarah Moir","2019-05-21","https://www.youtube.com/watch?v=5kTWjB28TDI","Not started","Write the Docs Portland 2019"
"Draw the Docs - Alicja Raszkowska","2019-05-21","https://www.youtube.com/watch?v=Zvys6tUmEzg","Not started","Write the Docs Portland 2019"
"Tutorials, Tooltips, and Popups…oh MY! - Meghan Mahar","2019-05-21","https://www.youtube.com/watch?v=8yvlwReq6lA","Not started","Write the Docs Portland 2019"
"Localize the Docs! - Paul Wallace","2019-05-20","https://www.youtube.com/watch?v=PMd6yVWgGjM","Not started","Write the Docs Portland 2019"
"How I Learned to Stop Worrying and Love the Command Line - Mike Jang","2019-05-20","https://www.youtube.com/watch?v=YfM220sNVp8","Not started","Write the Docs Portland 2019"
"Harvest Past Experience to be a Great Tech Writer - Mark F Iverson","2019-05-20","https://www.youtube.com/watch?v=n2SDZ8qglbQ","Not started","Write the Docs Portland 2019"
"Lightning Talk: Comics in Docs - Tess Needham","2019-05-20","https://www.youtube.com/watch?v=bbH5aon4yec","Not started","Write the Docs Portland 2019"
"Lightning Talk: Why you need peer reviews - Lucía M. Polis","2019-05-20","https://www.youtube.com/watch?v=GxQoFfLXFGI","Not started","Write the Docs Portland 2019"
"Lightning Talk: Documenting the Documentarians - Kay Smoljak","2019-05-20","https://www.youtube.com/watch?v=Uo9G9U4aFm0","Not started","Write the Docs Portland 2019"
"Lightning Talk: Influencing users to find answers in our docs - Grace Greenwood","2019-05-20","https://www.youtube.com/watch?v=3nnxMTcbvus","Not started","Write the Docs Portland 2019"
"Lightning Talk: To succeed as an internal writer... - Colin Torretta","2019-05-20","https://www.youtube.com/watch?v=MfE72gBT-Ts","Not started","Write the Docs Portland 2019"
"Lightning Talk: How to host a doc bug bash - Lucie Lozinski","2019-05-20","https://www.youtube.com/watch?v=RHhDgLnALvI","Not started","Write the Docs Portland 2019"
"Documenting for Open Source - Shannon Crabill","2019-05-20","https://www.youtube.com/watch?v=i22duorDVt0","Not started","Write the Docs Portland 2019"
"Writer? Editor? Teacher? - Kathleen Juell","2019-05-20","https://www.youtube.com/watch?v=JDrb-meCtHQ","Not started","Write the Docs Portland 2019"
"How to edit other people's content without pissing them off - Ingrid Towey","2019-05-20","https://www.youtube.com/watch?v=7iWUSetbaos","Not started","Write the Docs Portland 2019"
"Cultivating a community of documentation advocates - Heather Stenson","2019-05-20","https://www.youtube.com/watch?v=lZhIQNlGY4s","Not started","Write the Docs Portland 2019"
"Welcome - Write the Docs Portland 2019","2019-05-20","https://www.youtube.com/watch?v=RIiIOFBS5DM","Not started","Write the Docs Portland 2019"
"Lightning Talk: Fork Of The Repo - Write the Lyrics","2018-09-13","https://www.youtube.com/watch?v=3U48bgbccj0","Not started","Write the Docs Prague 2018"
"Lightning Talk: Documenting a Czech Obsession - Nora Kořánová","2018-09-13","https://www.youtube.com/watch?v=AMkSSIvyu3s","Not started","Write the Docs Prague 2018"
"Lightning Talk: Do (Not) Trust Your Translator - Marcelina Haftka","2018-09-13","https://www.youtube.com/watch?v=MGzA0-02-Go","Not started","Write the Docs Prague 2018"
"Lightning Talk: A Perspective Of a Non-Tech Writer - Audis Stukas","2018-09-13","https://www.youtube.com/watch?v=OjuZJ2rfX1Y","Not started","Write the Docs Prague 2018"
"A brief history of text markup languages - Tony Ibbs","2018-09-13","https://www.youtube.com/watch?v=P-7hwjocEpM","Not started","Write the Docs Prague 2018"
"So you want to make videos? - Sarah Ley-Hamilton","2018-09-13","https://www.youtube.com/watch?v=PyGJiUIMGpw","Not started","Write the Docs Prague 2018"
"Lightning Talk: How Crosswords Can Bring Departments Together - Marcin Sedlak-Jakubowski","2018-09-13","https://www.youtube.com/watch?v=YMEXRBqNTKY","Not started","Write the Docs Prague 2018"
"Lightning Talk: How To Get Started With Cryptic Crosswords - Beth Aitman","2018-09-13","https://www.youtube.com/watch?v=i7Yt9jSXukQ","Not started","Write the Docs Prague 2018"
"Lightning Talk: Blowing Our Minds With Keeping the User In Mind - Karissa Van Baulen","2018-09-13","https://www.youtube.com/watch?v=rsQIl5dsN8k","Not started","Write the Docs Prague 2018"
"What about compliance? - Vlad Stirbu","2018-09-13","https://www.youtube.com/watch?v=tmFI7haJ7bQ","Not started","Write the Docs Prague 2018"
"Lightning Talk: Live Captioning - Sheryll Holley & Julia Jacobie","2018-09-13","https://www.youtube.com/watch?v=xFnM6vmvWaI","Not started","Write the Docs Prague 2018"
"Teaching geeks to fish: tales of a contagious documentarian. - Abigail Sutherland","2018-09-13","https://www.youtube.com/watch?v=3IlcJYKdP1g","Not started","Write the Docs Prague 2018"
"Measuring the impact of your documentation - Liam Keegan","2018-09-13","https://www.youtube.com/watch?v=48Ga-0_39-o","Not started","Write the Docs Prague 2018"
"Lightning Talk: Zombie Branding - Kristy James","2018-09-13","https://www.youtube.com/watch?v=FyhPD5q-Ns8","Not started","Write the Docs Prague 2018"
"Learning to love release notes - Anne Edwards","2018-09-13","https://www.youtube.com/watch?v=L3yAD319DiU","Not started","Write the Docs Prague 2018"
"Lightning Talk: Toastmasters - Tony Ibbs","2018-09-13","https://www.youtube.com/watch?v=MxrG1X0EpfI","Not started","Write the Docs Prague 2018"
"A Year in the Life of The Better Docs Project - Rowan Cota","2018-09-13","https://www.youtube.com/watch?v=P3NL-Mms4-M","Not started","Write the Docs Prague 2018"
"Document What Matters: Lean Best Practice for Process Documentation - Gillian von Runte","2018-09-13","https://www.youtube.com/watch?v=RpEb8XLH-1A","Not started","Write the Docs Prague 2018"
"A11y-Friendly Documentation - Carolyn Stransky","2018-09-13","https://www.youtube.com/watch?v=SLUJG625Si0","Not started","Write the Docs Prague 2018"
"Lightning Talk: Searchable Documentation - Domen Kožar","2018-09-13","https://www.youtube.com/watch?v=TLbvrm2mM38","Not started","Write the Docs Prague 2018"
"Don't Say Simply - Jim Fisher","2018-09-13","https://www.youtube.com/watch?v=gsT2BBWBVmM","Not started","Write the Docs Prague 2018"
"Run your documentation - Predrag Mandic","2018-09-13","https://www.youtube.com/watch?v=oW7rWJ2xNZU","Not started","Write the Docs Prague 2018"
"Introduction to Write the Docs Prague 2018","2018-09-13","https://www.youtube.com/watch?v=oXmrFoEEf3A","Not started","Write the Docs Prague 2018"
"""It's a Feature"" - Documenting Known Issues and Product Shortcomings - Ivana Devcic","2018-09-13","https://www.youtube.com/watch?v=r-6FycuppXg","Not started","Write the Docs Prague 2018"
"How to tear down existing documentation and rewrite docs that actually work - Alexandra White","2018-09-13","https://www.youtube.com/watch?v=u119GkGSYII","Not started","Write the Docs Prague 2018"
"Choosing a tool... and choosing your moment - Val Grimm","2018-09-13","https://www.youtube.com/watch?v=vbbHekptzjw","Not started","Write the Docs Prague 2018"
"Not the Docs - Havi Hoffman - Write the Docs Portland 2018","2018-05-10","https://www.youtube.com/watch?v=GMEZv_KSsJE","Not started","Write the Docs Portland 2018"
"How to Read Musical Time Signatures - Kenzie Woodbridge - Write the Docs Lightning Talk","2018-05-09","https://www.youtube.com/watch?v=EL7lfDy6sRA","Not started","Write the Docs Portland 2018"
"Graphic Content Warning - Steve Stegelin - Write the Docs Portland 2018","2018-05-09","https://www.youtube.com/watch?v=a6iAmLul4Gg","Not started","Write the Docs Portland 2018"
"The Facts about FAQs - Ashleigh Rentz - Write the Docs Portland 2018","2018-05-09","https://www.youtube.com/watch?v=8_fHC0OUkmc","Not started","Write the Docs Portland 2018"
"Writing the Next Great Tech Book - Brian MacDonald - Write the Docs Portland 2018","2018-05-09","https://www.youtube.com/watch?v=MKSXXKIe05o","Not started","Write the Docs Portland 2018"
"Who Writes the Docs? - Beth Aitman - Write the Docs Portland 2018","2018-05-09","https://www.youtube.com/watch?v=eOC6rsizIvM","Not started","Write the Docs Portland 2018"
"Rewrite the Docs! - Camille Acey - Write the Docs Portland 2018","2018-05-09","https://www.youtube.com/watch?v=5WOM1ntJPFw","Not started","Write the Docs Portland 2018"
"The Sticker Talk - Heidi Waterhouse - Write the Docs Portland 2018 Lightning Talk","2018-05-09","https://www.youtube.com/watch?v=Nmcasxb6naU","Not started","Write the Docs Portland 2018"
"Functional Documentation Testing - Troy Howard - Write the Docs Portland 2018 Lightning Talk","2018-05-09","https://www.youtube.com/watch?v=RWLySQu3XQM","Not started","Write the Docs Portland 2018"
"Lessons from My Career as an Educator - John Katora - Write the Docs Portland 2018 Lightning Talk","2018-05-09","https://www.youtube.com/watch?v=K6sQ1zoL4AM","Not started","Write the Docs Portland 2018"
"Chopping up HTML - Wendy Shaffer - Write the Docs Portland 2018 Lightning Talk","2018-05-09","https://www.youtube.com/watch?v=fOA-ppXBlSs","Not started","Write the Docs Portland 2018"
"Document Yourself - Erin Grace - Write the Docs Portland 2018","2018-05-09","https://www.youtube.com/watch?v=3cXpf0Okmi8","Not started","Write the Docs Portland 2018"
"Research Like You're Wrong - Jen Lambourne - Write the Docs Portland 2018","2018-05-09","https://www.youtube.com/watch?v=aCNbVf9Id5Y","Not started","Write the Docs Portland 2018"
"Building Empathy-Driven Developer Documentation - Kat King - Write the Docs Portland 2018","2018-05-09","https://www.youtube.com/watch?v=_HCmFvxxKaQ","Not started","Write the Docs Portland 2018"
"Audience, Market, Product - Bob Watson - Write the Docs Portland 2018","2018-05-09","https://www.youtube.com/watch?v=ax_6cS3JHvY","Not started","Write the Docs Portland 2018"
"What Writing Dictionaries Taught Me about Writing Documentation - Erin McKean","2018-05-09","https://www.youtube.com/watch?v=O_xaiot6N7U","Not started","Write the Docs Portland 2018"
"Everything you wanted to know about Toastmasters - Tana Franko - Write the Docs","2018-05-09","https://www.youtube.com/watch?v=IahaXc6G0os","Not started","Write the Docs Portland 2018"
"Choosing or Building a Doc Platform - Brian Dominick - Write the Docs Portland 2018 Lightning Talk","2018-05-09","https://www.youtube.com/watch?v=z_o2ZomwKS0","Not started","Write the Docs Portland 2018"
"Documentarians and Imposter Syndrome - Mo Nishiyama - Write the Docs Portland 2018 Lightning Talk","2018-05-09","https://www.youtube.com/watch?v=A18ZP_2vt1Q","Not started","Write the Docs Portland 2018"
"Controlled Vocabulary - Kristin McKee - Write the Docs Portland 2018 Lightning Talk","2018-05-09","https://www.youtube.com/watch?v=HnV4-PGKM4I","Not started","Write the Docs Portland 2018"
"Virtue Based Accessibility - Eric Nambs - Write the Docs Portland 2018 Lightning Talk","2018-05-09","https://www.youtube.com/watch?v=zFaRfv8pmbk","Not started","Write the Docs Portland 2018"
"Improving Response Rates - Kayce Basque - Write the Docs Portland 2018 Lightning Talk","2018-05-09","https://www.youtube.com/watch?v=d_ZXFqG39hc","Not started","Write the Docs Portland 2018"
"It's Okay to Say No - Ben Fisher - Write the Docs Portland 2018 Lightning Talk","2018-05-09","https://www.youtube.com/watch?v=GYB6mWTihPI","Not started","Write the Docs Portland 2018"
"Mutual Mentorship in a Rapidly Changing World - Ashley Newton - Write the Docs","2018-05-09","https://www.youtube.com/watch?v=PegsEm-Q5e4","Not started","Write the Docs Portland 2018"
"What They Don't Tell You About Creating New Style Guides - Thursday Bram - Write the Docs Portland","2018-05-08","https://www.youtube.com/watch?v=O1ZnCA-hZxQ","Not started","Write the Docs Portland 2018"
"7 Essential Tips for the Enlightened Tech Writer - Ted Hudek - Write the Docs Portland 2018","2018-05-08","https://www.youtube.com/watch?v=-lHKnF2EPd8","Not started","Write the Docs Portland 2018"
"Starting from Scratch: Finding and Hiring Junior Writers - Sarah Day - Write the Docs Portland 2018","2018-05-08","https://www.youtube.com/watch?v=GiHZY8P4kpA","Not started","Write the Docs Portland 2018"
"Making Your Code Examples Shine - Larry Ullman - Write the Docs Portland 2018","2018-05-08","https://www.youtube.com/watch?v=td15D2BLa4c","Not started","Write the Docs Portland 2018"
"The art and practice of documentation triage - Neal Kaplan - Write the Docs Portland 2018","2018-05-08","https://www.youtube.com/watch?v=2EzIe-3LBwQ","Not started","Write the Docs Portland 2018"
"Write the Docs Prague 2017: Documenting your software’s last days by Daniel D. Beck","2017-11-14","https://www.youtube.com/watch?v=XWNw3TgbGLg","Not started","Write the Docs Prague 2017"
"Write the Docs Prague 2017: Lightning Talks Day 1","2017-10-15","https://www.youtube.com/watch?v=NDOJnMsELJU","Not started","Write the Docs Prague 2017"
"Write the Docs Prague 2017: A content manager's guide to crowdsourcing the docs by Becky Todd","2017-10-15","https://www.youtube.com/watch?v=BnWmPulCNhA","Not started","Write the Docs Prague 2017"
"Write the Docs Prague 2017: Design critique guidelines make feedback easier by Christy Lutz","2017-10-15","https://www.youtube.com/watch?v=DOuRgFP4NMQ","Not started","Write the Docs Prague 2017"
"Write the Docs Prague 2017: Microaggressions & Inclusive Language by Cory Williamson-Cardneau","2017-10-15","https://www.youtube.com/watch?v=lXXuQQ9xtPc","Not started","Write the Docs Prague 2017"
"Write the Docs Prague 2017: Aw Snap! The Docs, They Are A-Changin’ by Kate Wilcox","2017-10-15","https://www.youtube.com/watch?v=DYgw6xcpDmE","Not started","Write the Docs Prague 2017"
"Write the Docs Prague 2017: What nobody tells you about documentation by Daniele Procida","2017-10-15","https://www.youtube.com/watch?v=p0PPtdRHG6M","Not started","Write the Docs Prague 2017"
"Write the Docs Prague 2017: Main Takeaways After One Year in Documentation by Meike Chabowski","2017-10-15","https://www.youtube.com/watch?v=y4UyU4XIn5c","Not started","Write the Docs Prague 2017"
"Write the Docs Prague 2017: Even Naming This Talk Is Hard by Ruthie BenDor","2017-10-15","https://www.youtube.com/watch?v=JuI6NUbEzDw","Not started","Write the Docs Prague 2017"
"Write the Docs Prague 2017: Documentation beyond words by Chris Ward","2017-10-15","https://www.youtube.com/watch?v=lTYvWjS1nHw","Not started","Write the Docs Prague 2017"
"Write the Docs Prague 2017: Writing great ""getting started"" documentation by Tim Rogers","2017-10-15","https://www.youtube.com/watch?v=wqC88GNujWQ","Not started","Write the Docs Prague 2017"
"Write the Docs Prague 2017: Requirements that you didn't know were there by Lesia Zasadna","2017-10-15","https://www.youtube.com/watch?v=3oklMXaGA3Y","Not started","Write the Docs Prague 2017"
"Write the Docs Prague 2017: Telling a Great Story on GitHub by Lauri Apple","2017-10-15","https://www.youtube.com/watch?v=9fq3-U9PKAA","Not started","Write the Docs Prague 2017"
"Write the Docs Prague 2017: Trustworthy and Sensible API Docs with GraphQL by Garen Torikian","2017-10-15","https://www.youtube.com/watch?v=aJk99MSVj0Y","Not started","Write the Docs Prague 2017"
"Write the Docs Prague 2017: Hi, my name is README! by Raphael Pierzina","2017-10-15","https://www.youtube.com/watch?v=0z0jquYos90","Not started","Write the Docs Prague 2017"
"Write the Docs Prague 2017: Lightning Talks Day 2","2017-10-15","https://www.youtube.com/watch?v=15XyK-4wrXs","Not started","Write the Docs Prague 2017"
"Write the Docs Prague 2017: Writing a book in 2017 by Thomas Parisot","2017-10-15","https://www.youtube.com/watch?v=p2eAXLR3OOk","Not started","Write the Docs Prague 2017"
"Write the Docs Prague 2017: Tech Writers Without Borders by Stuart Culshaw","2017-10-15","https://www.youtube.com/watch?v=MgS1WuOcK4o","Not started","Write the Docs Prague 2017"
"Write the Docs Portland 2017: Intelligent Documents and the Verifiability Crisis in Science","2017-07-12","https://www.youtube.com/watch?v=kOzQPpc-KDo","Not started","Write the Docs Portland 2017"
"Write the Docs Portland 2017: Lightning Talks Part 3 by Various Speakers","2017-06-07","https://www.youtube.com/watch?v=lwketc25Twk","Not started","Write the Docs Portland 2017"
"Write the Docs Portland 2017: Lightning Talks Part 2 by Various Speakers","2017-06-07","https://www.youtube.com/watch?v=W25pY7SIFw4","Not started","Write the Docs Portland 2017"
"Write the Docs Portland 2017: Lightning Talks Part 1 by Various Speakers","2017-06-07","https://www.youtube.com/watch?v=VnRLs_aTv9A","Not started","Write the Docs Portland 2017"
"Write the Docs Portland 2017: Bootstrapping Docs at a Startup by Jesse Seldess","2017-06-07","https://www.youtube.com/watch?v=YLXNJXQyYoE","Not started","Write the Docs Portland 2017"
"Write the Docs Portland 2017: Start with the tasks, not the endpoints by Sarah Hersh","2017-06-07","https://www.youtube.com/watch?v=R8yjmtIWEKQ","Not started","Write the Docs Portland 2017"
"Write the Docs Portland 2017: The Wisdom of Crowds... by Ingrid Towey","2017-06-07","https://www.youtube.com/watch?v=s3Em8QSXyn8","Not started","Write the Docs Portland 2017"
"Write the Docs Portland 2017: Interviewing and hiring technical writers... by Sam Faktorovich","2017-06-07","https://www.youtube.com/watch?v=tcjLbCLcPTo","Not started","Write the Docs Portland 2017"
"Write the Docs Portland 2017: Treating Documentation like Code: a Practical Account by Jodie Putrino","2017-06-07","https://www.youtube.com/watch?v=Mzu-c-FoOdw","Not started","Write the Docs Portland 2017"
"Write the Docs Portland 2017: Everyone's a player (in a mid-90s MUD) by Kenzie Woodbridge","2017-06-07","https://www.youtube.com/watch?v=BiYSJ5dkoM0","Not started","Write the Docs Portland 2017"
"Write the Docs Portland 2017: Only Interesting Conversations... by Matthew Buttler","2017-06-07","https://www.youtube.com/watch?v=qXrX6hZO6V0","Not started","Write the Docs Portland 2017"
"Write the Docs Portland 2017: Even Naming This Talk Is Hard by Ruthie BenDor","2017-06-07","https://www.youtube.com/watch?v=RFfpkrbkvxc","Not started","Write the Docs Portland 2017"
"Write the Docs Portland 2017: Do you Know a Runbook From a Flip Book?... by Andrea Longo","2017-06-07","https://www.youtube.com/watch?v=QDxoqWpyzo8","Not started","Write the Docs Portland 2017"
"Write the Docs Portland 2017: Testing: it's not just for code anymore by Lyzi Diamond","2017-06-07","https://www.youtube.com/watch?v=e1_MMEr4kNU","Not started","Write the Docs Portland 2017"
"Write the Docs Portland 2017: No Community Members Were Harmed... by Lindsay Muscato & Ryan Pitts","2017-06-07","https://www.youtube.com/watch?v=08l9FGJOz5E","Not started","Write the Docs Portland 2017"
"Write the Docs Portland 2017: You have Already Succeeded... by Christy Lutz","2017-06-07","https://www.youtube.com/watch?v=E_GyqG3Gd38","Not started","Write the Docs Portland 2017"
"Write the Docs Portland 2017: Caring Systems: Documentation as care by Amelia Abreu","2017-06-07","https://www.youtube.com/watch?v=quC7mJn8B_U","Not started","Write the Docs Portland 2017"
"Write the Docs Portland 2017: Building navigation for your doc site: 5 best practices by Tom Johnson","2017-06-07","https://www.youtube.com/watch?v=w-kEmsLwPDE","Not started","Write the Docs Portland 2017"
"Write the Docs Portland 2017: Error Messages: Being Humble, Human, and Helpful... by Kate Voss","2017-06-07","https://www.youtube.com/watch?v=gBBZUATL7Qo","Not started","Write the Docs Portland 2017"
"Write the Docs Portland  2017: Introduction & State of the Docs by Eric Holscher","2017-06-07","https://www.youtube.com/watch?v=2LTsqJdUKiI","Not started","Write the Docs Portland 2017"
"[SPONSORED] Algolia - Community  Docsearch","2016-10-25","https://www.youtube.com/watch?v=DQ_h21CQg7A","Not started",""
"Day 1 Lightning Talks","2016-10-03","https://www.youtube.com/watch?v=3aXohAgX9N8","Not started","Write the Docs Europe 2016"
"Rachel Whitton - Delivering High-Velocity Docs that Keep Pace with Rapid Release Cycles","2016-10-03","https://www.youtube.com/watch?v=dHdBsNxtKeI","Not started","Write the Docs Europe 2016"
"Thursday Bram - What Writing Fiction Teaches You About Writing Documentation","2016-10-03","https://www.youtube.com/watch?v=HaWWcJp2yo4","Not started","Write the Docs Europe 2016"
"Daniel Beck - Checklist the Docs","2016-10-03","https://www.youtube.com/watch?v=mltBPPGsuTg","Not started","Write the Docs Europe 2016"
"Riona MacNamara - As Good As It Gets: Why Better Trumps Best","2016-10-03","https://www.youtube.com/watch?v=NyFNrInlADs","Not started","Write the Docs Europe 2016"
"Day 2 Lightning Talks","2016-10-03","https://www.youtube.com/watch?v=vhaQjJcfq5M","Not started","Write the Docs Europe 2016"
"David Oliver - Documentoring: Growing a “Love The Docs” community","2016-10-03","https://www.youtube.com/watch?v=5LRagMvlEuk","Not started","Write the Docs Europe 2016"
"Chris Ward - Beyond Software - Learning from Other Technical Writers","2016-10-03","https://www.youtube.com/watch?v=pfLw8WmQ3nM","Not started","Write the Docs Europe 2016"
"Rory Tanner - Information micro-architecture: grammar, syntax, and cognitive rhetoric","2016-10-03","https://www.youtube.com/watch?v=GuAECnt4eJI","Not started","Write the Docs Europe 2016"
"Sarah Karp - Watch that tone! Creating an information experience in the Atlassian voice","2016-10-03","https://www.youtube.com/watch?v=MeyKS4LwTds","Not started","Write the Docs Europe 2016"
"Swapnil Ogale - When bad screenshots happen to good writers","2016-10-03","https://www.youtube.com/watch?v=SU2mRSaa1yQ","Not started","Write the Docs Europe 2016"
"joan wendt - Operations Technical Writing for Data Centers","2016-10-03","https://www.youtube.com/watch?v=4AwmQmWK7Ys","Not started","Write the Docs Europe 2016"
"István Zoltán Szabó - Writing as a non-native speaker","2016-10-03","https://www.youtube.com/watch?v=KWqhW4Guo5k","Not started","Write the Docs Europe 2016"
"Paul Adams - Postulating The Backlog Laxative","2016-10-03","https://www.youtube.com/watch?v=MD-RwSw-NGA","Not started","Write the Docs Europe 2016"
"Sarah Chambers - Documentarians and Support: Work Better Together","2016-10-03","https://www.youtube.com/watch?v=qBpwoQftxcA","Not started","Write the Docs Europe 2016"
"Jan Christian Krause - Using meaningful names to improve API-documentation","2016-10-03","https://www.youtube.com/watch?v=YOBVWfmRHzc","Not started","Write the Docs Europe 2016"
"Michael Meng - API documentation: Exploring the information needs of software developers","2016-10-03","https://www.youtube.com/watch?v=soQSOBwiXdA","Not started","Write the Docs Europe 2016"
"Kata Nagygyörgy - Poll the Docs","2016-10-03","https://www.youtube.com/watch?v=nXEpyO6tNX8","Not started","Write the Docs Europe 2016"
"Margaret Eker, Jennifer Rondeau - Docs as Code: The Missing Manual","2016-10-03","https://www.youtube.com/watch?v=JvRd7MmAxPw","Not started","Write the Docs Europe 2016"
"Chris Mills - Feedback handling, community wrangling, panhandling","2016-10-03","https://www.youtube.com/watch?v=VabBD1MWdE8","Not started","Write the Docs Europe 2016"
"Chris Ward - Documenting your Story: Crafting a good presentation","2015-10-13","https://www.youtube.com/watch?v=2JacBpYizRw","Not started","Write the Docs Europe 2015"
"Beth Aitman - Before the Docs: Writing for User Interfaces","2015-10-13","https://www.youtube.com/watch?v=LemM9PHDX6w","Not started","Write the Docs Europe 2015"
"Anna Jaruga - The quest for scientific credit for software documentation","2015-10-13","https://www.youtube.com/watch?v=Qg7lOWyT2mo","Not started","Write the Docs Europe 2015"
"Paul Adams - Judas Priest Ate my Scrum Master","2015-10-13","https://www.youtube.com/watch?v=35AzPlwAhNg","Not started","Write the Docs Europe 2015"
"Elijah Caine - How to Write an Email","2015-10-13","https://www.youtube.com/watch?v=Ja-4t8Ufv6Y","Not started","Write the Docs Europe 2015"
"Adam Dangoor - Tested & Correct: How to Make Sure Your Documentation Keeps Working","2015-10-13","https://www.youtube.com/watch?v=PoVwyPipHzc","Not started","Write the Docs Europe 2015"
"Florian Scholz & Jean-Yves Perrier - Gardening Open Docs","2015-10-13","https://www.youtube.com/watch?v=q9_hG-Uu80I","Not started","Write the Docs Europe 2015"
"Christina Elmore - All roads might not lead to docs","2015-10-13","https://www.youtube.com/watch?v=NKYSdEasJ-8","Not started","Write the Docs Europe 2015"
"Jennifer Rondeau - Back to the Future: What Can Documentarians Learn From The Past?","2015-10-13","https://www.youtube.com/watch?v=_SW84nNlgmo","Not started","Write the Docs Europe 2015"
"Zdenek Nemec - Writing for what Matters","2015-10-13","https://www.youtube.com/watch?v=bKOnRVb_0TE","Not started","Write the Docs Europe 2015"
"Jamie Hannaford - Generating docs from APIs","2015-10-13","https://www.youtube.com/watch?v=iCQkhSXGfOU","Not started","Write the Docs Europe 2015"
"Sonja Heinen - Visual Documentation Language","2015-10-13","https://www.youtube.com/watch?v=njXdQmcSX-k","Not started","Write the Docs Europe 2015"
"Diana Potter - Screencasting 101","2015-10-13","https://www.youtube.com/watch?v=vz5HYGqFIOM","Not started","Write the Docs Europe 2015"
"Lightning Talks - Day One","2015-10-13","https://www.youtube.com/watch?v=RGl6bu0_NFc","Not started","Write the Docs Europe 2015"
"Paul Roeland - MacGyvering your Docs","2015-10-13","https://www.youtube.com/watch?v=Y2QxSTJ1jVs","Not started","Write the Docs Europe 2015"
"Lightning Talks - Day Two","2015-10-13","https://www.youtube.com/watch?v=g6hQdc9GOlQ","Not started","Write the Docs Europe 2015"
"Riona MacNamara - Imposter No More...","2015-10-13","https://www.youtube.com/watch?v=pg_Y9hUt2dg","Not started","Write the Docs Europe 2015"
"Emilie Boillat - Whatchamacallit: Controlled Vocabularies for Technical Writers","2015-10-13","https://www.youtube.com/watch?v=0kg-6YCDg64","Not started","Write the Docs Europe 2015"
"Patrick Keegan - Free Your Mind, and Your Docs Will Follow","2015-10-13","https://www.youtube.com/watch?v=H_kC8_hfpe8","Not started","Write the Docs Europe 2015"
"Radina Matic - Inclusive Tech Docs: TechComm Meets Accessibility","2015-10-13","https://www.youtube.com/watch?v=RcjpBNIKlf8","Not started","Write the Docs Europe 2015"
"Kristof Van Tomme - Keeping trust: Testing documentation as part of a continuous integration process","2015-06-10","https://www.youtube.com/watch?v=2TuATCZE3Ok","Not started","Write the Docs EU 2014"
"Thomas Parisot - README Driven Development","2015-06-10","https://www.youtube.com/watch?v=2ZhLaahzrOQ","Not started","Write the Docs EU 2014"
"Markus Zapke-Gründemann - Writing multi-language documentation using Sphinx","2015-06-10","https://www.youtube.com/watch?v=53iJTYLji0I","Not started","Write the Docs EU 2014"
"Lightning talks - Day 2","2015-06-10","https://www.youtube.com/watch?v=fqJ2_5dDCMA","Not started","Write the Docs EU 2014"
"Shwetank Dixit - Challenges and approaches taken with the Opera Extension Docs","2015-06-10","https://www.youtube.com/watch?v=h-62sXFvs44","Not started","Write the Docs EU 2014"
"Idan Gazit - Advanced Web Typography","2015-06-10","https://www.youtube.com/watch?v=pQ1vx8DlLag","Not started","Write the Docs EU 2014"
"Swizec Teller - What I learned writing a lousy tech book","2015-06-10","https://www.youtube.com/watch?v=w1L2SgQuv6Q","Not started","Write the Docs EU 2014"
"Kelly O’Brien - Engage or Die: Four Techniques for Writing Indispensible Docs","2015-06-10","https://www.youtube.com/watch?v=IMdyx4YJ0hQ","Not started","Write the Docs EU 2014"
"Elizabeth Urello - Blogging as Non-Traditional Support Documentation","2015-06-10","https://www.youtube.com/watch?v=QTTA9wq1qls","Not started","Write the Docs EU 2014"
"David Hooker - What I have taught developers about writing","2015-06-10","https://www.youtube.com/watch?v=SFn2XNbv4QA","Not started","Write the Docs EU 2014"
"Jessica Rose - Tone in Documentation","2015-06-10","https://www.youtube.com/watch?v=hmyTYDvOXsk","Not started","Write the Docs EU 2014"
"Robert Lehmann - Self-Directed Learning Material","2015-06-10","https://www.youtube.com/watch?v=pVRVN5nBdcg","Not started","Write the Docs EU 2014"
"Lightning talks - Day 1","2015-06-10","https://www.youtube.com/watch?v=wm7tKhnXXVY","Not started","Write the Docs EU 2014"
"Mikey Ariel - Your Personal Tech-Writing Agile Manifesto (or: Scrum is not a 4-character word)","2015-06-10","https://www.youtube.com/watch?v=yooC1DL2bnA","Not started","Write the Docs EU 2014"
"Fintan Bolton - The community wrote my docs!","2015-06-10","https://www.youtube.com/watch?v=-9nvoni6xBk","Not started","Write the Docs EU 2014"
"Jannis Leidel - Search and find. How we made MDN discoverable","2015-06-10","https://www.youtube.com/watch?v=02DYqMD1ihs","Not started","Write the Docs EU 2014"
"Christine Burwinkle - Pairing with designers to create a seamless user experience","2015-06-10","https://www.youtube.com/watch?v=0rrO0auyslo","Not started","Write the Docs EU 2014"
"Sebastien Goasguen - Going from Publican to Read the Docs","2015-06-10","https://www.youtube.com/watch?v=UHsIhWI4hgE","Not started","Write the Docs EU 2014"
"Tom Christie - Designing MkDocs","2015-06-10","https://www.youtube.com/watch?v=aOtnoBphzJ4","Not started","Write the Docs EU 2014"
